C;0;0;0;0;0;0;0;0;0;300;6,12574E-15;365;-179;0;179;0;0;300;0;365;-179;0;179
C;0;0;0;0;0;0;0;0;0;301,570538;-1,570537954;365;-179;0;179;1;0,031415927;;;;;;
C;0;0;0;0;0;0;0;0;0;303,139526;-3,139525976;365;-179;0;179;2;0,062831853;;;;;;
C;0;0;0;0;0;0;0;0;0;304,7054157;-4,705415666;365;-179;0;179;3;0,09424778;;;;;;
C;0;0;0;0;0;0;0;0;0;306,2666617;-6,266661678;365;-179;0;179;4;0,125663706;;;;;;
C;0;0;0;0;0;0;0;0;0;307,8217233;-7,821723252;365;-179;0;179;5;0,157079633;;;;;;
C;0;0;0;0;0;0;0;0;0;309,3690657;-9,369065729;365;-179;0;179;6;0,188495559;;;;;;
C;0;0;0;0;0;0;0;0;0;310,9071621;-10,90716207;365;-179;0;179;7;0,219911486;;;;;;
C;0;0;0;0;0;0;0;0;0;312,4344944;-12,43449436;365;-179;0;179;8;0,251327412;;;;;;
C;0;0;0;0;0;0;0;0;0;313,9495553;-13,9495553;365;-179;0;179;9;0,282743339;;;;;;
C;0;0;0;0;0;0;0;0;0;315,4508497;-15,45084972;365;-179;0;179;10;0,314159265;;;;;;
C;0;0;0;0;0;0;0;0;0;316,936896;-16,93689601;365;-179;0;179;11;0,345575192;;;;;;
C;0;0;0;0;0;0;0;0;0;318,4062276;-18,40622763;365;-179;0;179;12;0,376991118;;;;;;
C;0;0;0;0;0;0;0;0;0;319,8573945;-19,85739453;365;-179;0;179;13;0,408407045;;;;;;
C;0;0;0;0;0;0;0;0;0;321,2889646;-21,28896458;365;-179;0;179;14;0,439822972;;;;;;
C;0;0;0;0;0;0;0;0;0;322,699525;-22,69952499;365;-179;0;179;15;0,471238898;;;;;;
C;0;0;0;0;0;0;0;0;0;324,0876837;-24,08768371;365;-179;0;179;16;0,502654825;;;;;;
C;0;0;0;0;0;0;0;0;0;325,4520708;-25,45207079;365;-179;0;179;17;0,534070751;;;;;;
C;0;0;0;0;0;0;0;0;0;326,7913397;-26,79133975;365;-179;0;179;18;0,565486678;;;;;;
C;0;0;0;0;0;0;0;0;0;328,1041689;-28,10416889;365;-179;0;179;19;0,596902604;;;;;;
C;0;0;0;0;0;0;0;0;0;329,3892626;-29,38926261;365;-179;0;179;20;0,628318531;;;;;;
C;0;0;0;0;0;0;0;0;0;330,6453527;-30,64535268;365;-179;0;179;21;0,659734457;;;;;;
C;0;0;0;0;0;0;0;0;0;331,8711995;-31,87119949;365;-179;0;179;22;0,691150384;;;;;;
C;0;0;0;0;0;0;0;0;0;333,0655933;-33,06559327;365;-179;0;179;23;0,72256631;;;;;;
C;0;0;0;0;0;0;0;0;0;334,2273553;-34,2273553;365;-179;0;179;24;0,753982237;;;;;;
C;0;0;0;0;0;0;0;0;0;335,3553391;-35,35533906;365;-179;0;179;25;0,785398163;;;;;;
C;0;0;0;0;0;0;0;0;0;336,4484314;-36,44843137;365;-179;0;179;26;0,81681409;;;;;;
C;0;0;0;0;0;0;0;0;0;337,5055535;-37,50555348;365;-179;0;179;27;0,848230016;;;;;;
C;0;0;0;0;0;0;0;0;0;338,5256621;-38,52566214;365;-179;0;179;28;0,879645943;;;;;;
C;0;0;0;0;0;0;0;0;0;339,5077506;-39,50775062;365;-179;0;179;29;0,91106187;;;;;;
C;0;0;0;0;0;0;0;0;0;340,4508497;-40,45084972;365;-179;0;179;30;0,942477796;;;;;;
C;0;0;0;0;0;0;0;0;0;341,3540287;-41,35402871;365;-179;0;179;31;0,973893723;;;;;;
C;0;0;0;0;0;0;0;0;0;342,2163963;-42,21639628;365;-179;0;179;32;1,005309649;;;;;;
C;0;0;0;0;0;0;0;0;0;343,0371014;-43,03710135;365;-179;0;179;33;1,036725576;;;;;;
C;0;0;0;0;0;0;0;0;0;343,815334;-43,815334;365;-179;0;179;34;1,068141502;;;;;;
C;0;0;0;0;0;0;0;0;0;344,5503262;-44,55032621;365;-179;0;179;35;1,099557429;;;;;;
C;0;0;0;0;0;0;0;0;0;345,2413526;-45,24135262;365;-179;0;179;36;1,130973355;;;;;;
C;0;0;0;0;0;0;0;0;0;345,8877313;-45,88773128;365;-179;0;179;37;1,162389282;;;;;;
C;0;0;0;0;0;0;0;0;0;346,4888243;-46,48882429;365;-179;0;179;38;1,193805208;;;;;;
C;0;0;0;0;0;0;0;0;0;347,0440384;-47,04403845;365;-179;0;179;39;1,225221135;;;;;;
C;0;0;0;0;0;0;0;0;0;347,5528258;-47,55282581;365;-179;0;179;40;1,256637061;;;;;;
C;0;0;0;0;0;0;0;0;0;348,0146843;-48,01468428;365;-179;0;179;41;1,288052988;;;;;;
C;0;0;0;0;0;0;0;0;0;348,4291581;-48,42915806;365;-179;0;179;42;1,319468915;;;;;;
C;0;0;0;0;0;0;0;0;0;348,7958381;-48,7958381;365;-179;0;179;43;1,350884841;;;;;;
C;0;0;0;0;0;0;0;0;0;349,1143625;-49,11436254;365;-179;0;179;44;1,382300768;;;;;;
C;0;0;0;0;0;0;0;0;0;349,384417;-49,38441703;365;-179;0;179;45;1,413716694;;;;;;
C;0;0;0;0;0;0;0;0;0;349,6057351;-49,60573507;365;-179;0;179;46;1,445132621;;;;;;
C;0;0;0;0;0;0;0;0;0;349,7780982;-49,77809823;365;-179;0;179;47;1,476548547;;;;;;
C;0;0;0;0;0;0;0;0;0;349,9013364;-49,90133642;365;-179;0;179;48;1,507964474;;;;;;
C;0;0;0;0;0;0;0;0;0;349,975328;-49,97532802;365;-179;0;179;49;1,5393804;;;;;;
C;0;0;0;0;0;0;0;0;0;350;-50;365;-179;0;179;50;1,570796327;;;;;;
C;0;0;0;0;0;0;0;0;0;349,975328;-49,97532802;365;-179;0;179;51;1,602212253;;;;;;
C;0;0;0;0;0;0;0;0;0;349,9013364;-49,90133642;365;-179;0;179;52;1,63362818;;;;;;
C;0;0;0;0;0;0;0;0;0;349,7780982;-49,77809823;365;-179;0;179;53;1,665044106;;;;;;
C;0;0;0;0;0;0;0;0;0;349,6057351;-49,60573507;365;-179;0;179;54;1,696460033;;;;;;
C;0;0;0;0;0;0;0;0;0;349,384417;-49,38441703;365;-179;0;179;55;1,727875959;;;;;;
C;0;0;0;0;0;0;0;0;0;349,1143625;-49,11436254;365;-179;0;179;56;1,759291886;;;;;;
C;0;0;0;0;0;0;0;0;0;348,7958381;-48,7958381;365;-179;0;179;57;1,790707813;;;;;;
C;0;0;0;0;0;0;0;0;0;348,4291581;-48,42915806;365;-179;0;179;58;1,822123739;;;;;;
C;0;0;0;0;0;0;0;0;0;348,0146843;-48,01468428;365;-179;0;179;59;1,853539666;;;;;;
C;0;0;0;0;0;0;0;0;0;347,5528258;-47,55282581;365;-179;0;179;60;1,884955592;;;;;;
C;0;0;0;0;0;0;0;0;0;347,0440384;-47,04403845;365;-179;0;179;61;1,916371519;;;;;;
C;0;0;0;0;0;0;0;0;0;346,4888243;-46,48882429;365;-179;0;179;62;1,947787445;;;;;;
C;0;0;0;0;0;0;0;0;0;345,8877313;-45,88773128;365;-179;0;179;63;1,979203372;;;;;;
C;0;0;0;0;0;0;0;0;0;345,2413526;-45,24135262;365;-179;0;179;64;2,010619298;;;;;;
C;0;0;0;0;0;0;0;0;0;344,5503262;-44,55032621;365;-179;0;179;65;2,042035225;;;;;;
C;0;0;0;0;0;0;0;0;0;343,815334;-43,815334;365;-179;0;179;66;2,073451151;;;;;;
C;0;0;0;0;0;0;0;0;0;343,0371014;-43,03710135;365;-179;0;179;67;2,104867078;;;;;;
C;0;0;0;0;0;0;0;0;0;342,2163963;-42,21639628;365;-179;0;179;68;2,136283004;;;;;;
C;0;0;0;0;0;0;0;0;0;341,3540287;-41,35402871;365;-179;0;179;69;2,167698931;;;;;;
C;0;0;0;0;0;0;0;0;0;340,4508497;-40,45084972;365;-179;0;179;70;2,199114858;;;;;;
C;0;0;0;0;0;0;0;0;0;339,5077506;-39,50775062;365;-179;0;179;71;2,230530784;;;;;;
C;0;0;0;0;0;0;0;0;0;338,5256621;-38,52566214;365;-179;0;179;72;2,261946711;;;;;;
C;0;0;0;0;0;0;0;0;0;337,5055535;-37,50555348;365;-179;0;179;73;2,293362637;;;;;;
C;0;0;0;0;0;0;0;0;0;336,4484314;-36,44843137;365;-179;0;179;74;2,324778564;;;;;;
C;0;0;0;0;0;0;0;0;0;335,3553391;-35,35533906;365;-179;0;179;75;2,35619449;;;;;;
C;0;0;0;0;0;0;0;0;0;334,2273553;-34,2273553;365;-179;0;179;76;2,387610417;;;;;;
C;0;0;0;0;0;0;0;0;0;333,0655933;-33,06559327;365;-179;0;179;77;2,419026343;;;;;;
C;0;0;0;0;0;0;0;0;0;331,8711995;-31,87119949;365;-179;0;179;78;2,45044227;;;;;;
C;0;0;0;0;0;0;0;0;0;330,6453527;-30,64535268;365;-179;0;179;79;2,481858196;;;;;;
C;0;0;0;0;0;0;0;0;0;329,3892626;-29,38926261;365;-179;0;179;80;2,513274123;;;;;;
C;0;0;0;0;0;0;0;0;0;328,1041689;-28,10416889;365;-179;0;179;81;2,544690049;;;;;;
C;0;0;0;0;0;0;0;0;0;326,7913397;-26,79133975;365;-179;0;179;82;2,576105976;;;;;;
C;0;0;0;0;0;0;0;0;0;325,4520708;-25,45207079;365;-179;0;179;83;2,607521902;;;;;;
C;0;0;0;0;0;0;0;0;0;324,0876837;-24,08768371;365;-179;0;179;84;2,638937829;;;;;;
C;0;0;0;0;0;0;0;0;0;322,699525;-22,69952499;365;-179;0;179;85;2,670353756;;;;;;
C;0;0;0;0;0;0;0;0;0;321,2889646;-21,28896458;365;-179;0;179;86;2,701769682;;;;;;
C;0;0;0;0;0;0;0;0;0;319,8573945;-19,85739453;365;-179;0;179;87;2,733185609;;;;;;
C;0;0;0;0;0;0;0;0;0;318,4062276;-18,40622763;365;-179;0;179;88;2,764601535;;;;;;
C;0;0;0;0;0;0;0;0;0;316,936896;-16,93689601;365;-179;0;179;89;2,796017462;;;;;;
C;0;0;0;0;0;0;0;0;0;315,4508497;-15,45084972;365;-179;0;179;90;2,827433388;;;;;;
C;0;0;0;0;0;0;0;0;0;313,9495553;-13,9495553;365;-179;0;179;91;2,858849315;;;;;;
C;0;0;0;0;0;0;0;0;0;312,4344944;-12,43449436;365;-179;0;179;92;2,890265241;;;;;;
C;0;0;0;0;0;0;0;0;0;310,9071621;-10,90716207;365;-179;0;179;93;2,921681168;;;;;;
C;0;0;0;0;0;0;0;0;0;309,3690657;-9,369065729;365;-179;0;179;94;2,953097094;;;;;;
C;0;0;0;0;0;0;0;0;0;307,8217233;-7,821723252;365;-179;0;179;95;2,984513021;;;;;;
C;0;0;0;0;0;0;0;0;0;306,2666617;-6,266661678;365;-179;0;179;96;3,015928947;;;;;;
C;0;0;0;0;0;0;0;0;0;304,7054157;-4,705415666;365;-179;0;179;97;3,047344874;;;;;;
C;0;0;0;0;0;0;0;0;0;303,139526;-3,139525976;365;-179;0;179;98;3,078760801;;;;;;
C;0;0;0;0;0;0;0;0;0;301,570538;-1,570537954;365;-179;0;179;99;3,110176727;;;;;;
C;0;0;0;0;0;0;0;0;0;300;-1,22515E-14;365;-179;0;179;100;3,141592654;;;;;;
C;0;0;0;0;0;0;0;0;0;298,429462;1,570537954;365;-179;0;179;101;3,17300858;;;;;;
C;0;0;0;0;0;0;0;0;0;296,860474;3,139525976;365;-179;0;179;102;3,204424507;;;;;;
C;0;0;0;0;0;0;0;0;0;295,2945843;4,705415666;365;-179;0;179;103;3,235840433;;;;;;
C;0;0;0;0;0;0;0;0;0;293,7333383;6,266661678;365;-179;0;179;104;3,26725636;;;;;;
C;0;0;0;0;0;0;0;0;0;292,1782767;7,821723252;365;-179;0;179;105;3,298672286;;;;;;
C;0;0;0;0;0;0;0;0;0;290,6309343;9,369065729;365;-179;0;179;106;3,330088213;;;;;;
C;0;0;0;0;0;0;0;0;0;289,0928379;10,90716207;365;-179;0;179;107;3,361504139;;;;;;
C;0;0;0;0;0;0;0;0;0;287,5655056;12,43449436;365;-179;0;179;108;3,392920066;;;;;;
C;0;0;0;0;0;0;0;0;0;286,0504447;13,9495553;365;-179;0;179;109;3,424335992;;;;;;
C;0;0;0;0;0;0;0;0;0;284,5491503;15,45084972;365;-179;0;179;110;3,455751919;;;;;;
C;0;0;0;0;0;0;0;0;0;283,063104;16,93689601;365;-179;0;179;111;3,487167845;;;;;;
C;0;0;0;0;0;0;0;0;0;281,5937724;18,40622763;365;-179;0;179;112;3,518583772;;;;;;
C;0;0;0;0;0;0;0;0;0;280,1426055;19,85739453;365;-179;0;179;113;3,549999699;;;;;;
C;0;0;0;0;0;0;0;0;0;278,7110354;21,28896458;365;-179;0;179;114;3,581415625;;;;;;
C;0;0;0;0;0;0;0;0;0;277,300475;22,69952499;365;-179;0;179;115;3,612831552;;;;;;
C;0;0;0;0;0;0;0;0;0;275,9123163;24,08768371;365;-179;0;179;116;3,644247478;;;;;;
C;0;0;0;0;0;0;0;0;0;274,5479292;25,45207079;365;-179;0;179;117;3,675663405;;;;;;
C;0;0;0;0;0;0;0;0;0;273,2086603;26,79133975;365;-179;0;179;118;3,707079331;;;;;;
C;0;0;0;0;0;0;0;0;0;271,8958311;28,10416889;365;-179;0;179;119;3,738495258;;;;;;
C;0;0;0;0;0;0;0;0;0;270,6107374;29,38926261;365;-179;0;179;120;3,769911184;;;;;;
C;0;0;0;0;0;0;0;0;0;269,3546473;30,64535268;365;-179;0;179;121;3,801327111;;;;;;
C;0;0;0;0;0;0;0;0;0;268,1288005;31,87119949;365;-179;0;179;122;3,832743037;;;;;;
C;0;0;0;0;0;0;0;0;0;266,9344067;33,06559327;365;-179;0;179;123;3,864158964;;;;;;
C;0;0;0;0;0;0;0;0;0;265,7726447;34,2273553;365;-179;0;179;124;3,89557489;;;;;;
C;0;0;0;0;0;0;0;0;0;264,6446609;35,35533906;365;-179;0;179;125;3,926990817;;;;;;
C;0;0;0;0;0;0;0;0;0;263,5515686;36,44843137;365;-179;0;179;126;3,958406744;;;;;;
C;0;0;0;0;0;0;0;0;0;262,4944465;37,50555348;365;-179;0;179;127;3,98982267;;;;;;
C;0;0;0;0;0;0;0;0;0;261,4743379;38,52566214;365;-179;0;179;128;4,021238597;;;;;;
C;0;0;0;0;0;0;0;0;0;260,4922494;39,50775062;365;-179;0;179;129;4,052654523;;;;;;
C;0;0;0;0;0;0;0;0;0;259,5491503;40,45084972;365;-179;0;179;130;4,08407045;;;;;;
C;0;0;0;0;0;0;0;0;0;258,6459713;41,35402871;365;-179;0;179;131;4,115486376;;;;;;
C;0;0;0;0;0;0;0;0;0;257,7836037;42,21639628;365;-179;0;179;132;4,146902303;;;;;;
C;0;0;0;0;0;0;0;0;0;256,9628986;43,03710135;365;-179;0;179;133;4,178318229;;;;;;
C;0;0;0;0;0;0;0;0;0;256,184666;43,815334;365;-179;0;179;134;4,209734156;;;;;;
C;0;0;0;0;0;0;0;0;0;255,4496738;44,55032621;365;-179;0;179;135;4,241150082;;;;;;
C;0;0;0;0;0;0;0;0;0;254,7586474;45,24135262;365;-179;0;179;136;4,272566009;;;;;;
C;0;0;0;0;0;0;0;0;0;254,1122687;45,88773128;365;-179;0;179;137;4,303981935;;;;;;
C;0;0;0;0;0;0;0;0;0;253,5111757;46,48882429;365;-179;0;179;138;4,335397862;;;;;;
C;0;0;0;0;0;0;0;0;0;252,9559616;47,04403845;365;-179;0;179;139;4,366813788;;;;;;
C;0;0;0;0;0;0;0;0;0;252,4471742;47,55282581;365;-179;0;179;140;4,398229715;;;;;;
C;0;0;0;0;0;0;0;0;0;251,9853157;48,01468428;365;-179;0;179;141;4,429645642;;;;;;
C;0;0;0;0;0;0;0;0;0;251,5708419;48,42915806;365;-179;0;179;142;4,461061568;;;;;;
C;0;0;0;0;0;0;0;0;0;251,2041619;48,7958381;365;-179;0;179;143;4,492477495;;;;;;
C;0;0;0;0;0;0;0;0;0;250,8856375;49,11436254;365;-179;0;179;144;4,523893421;;;;;;
C;0;0;0;0;0;0;0;0;0;250,615583;49,38441703;365;-179;0;179;145;4,555309348;;;;;;
C;0;0;0;0;0;0;0;0;0;250,3942649;49,60573507;365;-179;0;179;146;4,586725274;;;;;;
C;0;0;0;0;0;0;0;0;0;250,2219018;49,77809823;365;-179;0;179;147;4,618141201;;;;;;
C;0;0;0;0;0;0;0;0;0;250,0986636;49,90133642;365;-179;0;179;148;4,649557127;;;;;;
C;0;0;0;0;0;0;0;0;0;250,024672;49,97532802;365;-179;0;179;149;4,680973054;;;;;;
C;0;0;0;0;0;0;0;0;0;250;50;365;-179;0;179;150;4,71238898;;;;;;
C;0;0;0;0;0;0;0;0;0;250,024672;49,97532802;365;-179;0;179;151;4,743804907;;;;;;
C;0;0;0;0;0;0;0;0;0;250,0986636;49,90133642;365;-179;0;179;152;4,775220833;;;;;;
C;0;0;0;0;0;0;0;0;0;250,2219018;49,77809823;365;-179;0;179;153;4,80663676;;;;;;
C;0;0;0;0;0;0;0;0;0;250,3942649;49,60573507;365;-179;0;179;154;4,838052687;;;;;;
C;0;0;0;0;0;0;0;0;0;250,615583;49,38441703;365;-179;0;179;155;4,869468613;;;;;;
C;0;0;0;0;0;0;0;0;0;250,8856375;49,11436254;365;-179;0;179;156;4,90088454;;;;;;
C;0;0;0;0;0;0;0;0;0;251,2041619;48,7958381;365;-179;0;179;157;4,932300466;;;;;;
C;0;0;0;0;0;0;0;0;0;251,5708419;48,42915806;365;-179;0;179;158;4,963716393;;;;;;
C;0;0;0;0;0;0;0;0;0;251,9853157;48,01468428;365;-179;0;179;159;4,995132319;;;;;;
C;0;0;0;0;0;0;0;0;0;252,4471742;47,55282581;365;-179;0;179;160;5,026548246;;;;;;
C;0;0;0;0;0;0;0;0;0;252,9559616;47,04403845;365;-179;0;179;161;5,057964172;;;;;;
C;0;0;0;0;0;0;0;0;0;253,5111757;46,48882429;365;-179;0;179;162;5,089380099;;;;;;
C;0;0;0;0;0;0;0;0;0;254,1122687;45,88773128;365;-179;0;179;163;5,120796025;;;;;;
C;0;0;0;0;0;0;0;0;0;254,7586474;45,24135262;365;-179;0;179;164;5,152211952;;;;;;
C;0;0;0;0;0;0;0;0;0;255,4496738;44,55032621;365;-179;0;179;165;5,183627878;;;;;;
C;0;0;0;0;0;0;0;0;0;256,184666;43,815334;365;-179;0;179;166;5,215043805;;;;;;
C;0;0;0;0;0;0;0;0;0;256,9628986;43,03710135;365;-179;0;179;167;5,246459731;;;;;;
C;0;0;0;0;0;0;0;0;0;257,7836037;42,21639628;365;-179;0;179;168;5,277875658;;;;;;
C;0;0;0;0;0;0;0;0;0;258,6459713;41,35402871;365;-179;0;179;169;5,309291585;;;;;;
C;0;0;0;0;0;0;0;0;0;259,5491503;40,45084972;365;-179;0;179;170;5,340707511;;;;;;
C;0;0;0;0;0;0;0;0;0;260,4922494;39,50775062;365;-179;0;179;171;5,372123438;;;;;;
C;0;0;0;0;0;0;0;0;0;261,4743379;38,52566214;365;-179;0;179;172;5,403539364;;;;;;
C;0;0;0;0;0;0;0;0;0;262,4944465;37,50555348;365;-179;0;179;173;5,434955291;;;;;;
C;0;0;0;0;0;0;0;0;0;263,5515686;36,44843137;365;-179;0;179;174;5,466371217;;;;;;
C;0;0;0;0;0;0;0;0;0;264,6446609;35,35533906;365;-179;0;179;175;5,497787144;;;;;;
C;0;0;0;0;0;0;0;0;0;265,7726447;34,2273553;365;-179;0;179;176;5,52920307;;;;;;
C;0;0;0;0;0;0;0;0;0;266,9344067;33,06559327;365;-179;0;179;177;5,560618997;;;;;;
C;0;0;0;0;0;0;0;0;0;268,1288005;31,87119949;365;-179;0;179;178;5,592034923;;;;;;
C;0;0;0;0;0;0;0;0;0;269,3546473;30,64535268;365;-179;0;179;179;5,62345085;;;;;;
C;0;0;0;0;0;0;0;0;0;270,6107374;29,38926261;365;-179;0;179;180;5,654866776;;;;;;
C;0;0;0;0;0;0;0;0;0;271,8958311;28,10416889;365;-179;0;179;181;5,686282703;;;;;;
C;0;0;0;0;0;0;0;0;0;273,2086603;26,79133975;365;-179;0;179;182;5,71769863;;;;;;
C;0;0;0;0;0;0;0;0;0;274,5479292;25,45207079;365;-179;0;179;183;5,749114556;;;;;;
C;0;0;0;0;0;0;0;0;0;275,9123163;24,08768371;365;-179;0;179;184;5,780530483;;;;;;
C;0;0;0;0;0;0;0;0;0;277,300475;22,69952499;365;-179;0;179;185;5,811946409;;;;;;
C;0;0;0;0;0;0;0;0;0;278,7110354;21,28896458;365;-179;0;179;186;5,843362336;;;;;;
C;0;0;0;0;0;0;0;0;0;280,1426055;19,85739453;365;-179;0;179;187;5,874778262;;;;;;
C;0;0;0;0;0;0;0;0;0;281,5937724;18,40622763;365;-179;0;179;188;5,906194189;;;;;;
C;0;0;0;0;0;0;0;0;0;283,063104;16,93689601;365;-179;0;179;189;5,937610115;;;;;;
C;0;0;0;0;0;0;0;0;0;284,5491503;15,45084972;365;-179;0;179;190;5,969026042;;;;;;
C;0;0;0;0;0;0;0;0;0;286,0504447;13,9495553;365;-179;0;179;191;6,000441968;;;;;;
C;0;0;0;0;0;0;0;0;0;287,5655056;12,43449436;365;-179;0;179;192;6,031857895;;;;;;
C;0;0;0;0;0;0;0;0;0;289,0928379;10,90716207;365;-179;0;179;193;6,063273821;;;;;;
C;0;0;0;0;0;0;0;0;0;290,6309343;9,369065729;365;-179;0;179;194;6,094689748;;;;;;
C;0;0;0;0;0;0;0;0;0;292,1782767;7,821723252;365;-179;0;179;195;6,126105675;;;;;;
C;0;0;0;0;0;0;0;0;0;293,7333383;6,266661678;365;-179;0;179;196;6,157521601;;;;;;
C;0;0;0;0;0;0;0;0;0;295,2945843;4,705415666;365;-179;0;179;197;6,188937528;;;;;;
C;0;0;0;0;0;0;0;0;0;296,860474;3,139525976;365;-179;0;179;198;6,220353454;;;;;;
C;0;0;0;0;0;0;0;0;0;298,429462;1,570537954;365;-179;0;179;199;6,251769381;;;;;;
C;0;0;0;0;0;0;0;0;0;300;1,83772E-14;365;-179;0;179;200;6,283185307;;;;;;
C;0;0;0;0;0;0;0;0;0;301,570538;-1,570537954;365;-179;0;179;201;6,314601234;;;;;;
C;0;0;0;0;0;0;0;0;0;303,139526;-3,139525976;365;-179;0;179;202;6,34601716;;;;;;
C;0;0;0;0;0;0;0;0;0;304,7054157;-4,705415666;365;-179;0;179;203;6,377433087;;;;;;
C;0;0;0;0;0;0;0;0;0;306,2666617;-6,266661678;365;-179;0;179;204;6,408849013;;;;;;
C;0;0;0;0;0;0;0;0;0;307,8217233;-7,821723252;365;-179;0;179;205;6,44026494;;;;;;
C;0;0;0;0;0;0;0;0;0;309,3690657;-9,369065729;365;-179;0;179;206;6,471680866;;;;;;
C;0;0;0;0;0;0;0;0;0;310,9071621;-10,90716207;365;-179;0;179;207;6,503096793;;;;;;
C;0;0;0;0;0;0;0;0;0;312,4344944;-12,43449436;365;-179;0;179;208;6,534512719;;;;;;
C;0;0;0;0;0;0;0;0;0;313,9495553;-13,9495553;365;-179;0;179;209;6,565928646;;;;;;
C;0;0;0;0;0;0;0;0;0;315,4508497;-15,45084972;365;-179;0;179;210;6,597344573;;;;;;
C;0;0;0;0;0;0;0;0;0;316,936896;-16,93689601;365;-179;0;179;211;6,628760499;;;;;;
C;0;0;0;0;0;0;0;0;0;318,4062276;-18,40622763;365;-179;0;179;212;6,660176426;;;;;;
C;0;0;0;0;0;0;0;0;0;319,8573945;-19,85739453;365;-179;0;179;213;6,691592352;;;;;;
C;0;0;0;0;0;0;0;0;0;321,2889646;-21,28896458;365;-179;0;179;214;6,723008279;;;;;;
C;0;0;0;0;0;0;0;0;0;322,699525;-22,69952499;365;-179;0;179;215;6,754424205;;;;;;
C;0;0;0;0;0;0;0;0;0;324,0876837;-24,08768371;365;-179;0;179;216;6,785840132;;;;;;
C;0;0;0;0;0;0;0;0;0;325,4520708;-25,45207079;365;-179;0;179;217;6,817256058;;;;;;
C;0;0;0;0;0;0;0;0;0;326,7913397;-26,79133975;365;-179;0;179;218;6,848671985;;;;;;
C;0;0;0;0;0;0;0;0;0;328,1041689;-28,10416889;365;-179;0;179;219;6,880087911;;;;;;
C;0;0;0;0;0;0;0;0;0;329,3892626;-29,38926261;365;-179;0;179;220;6,911503838;;;;;;
C;0;0;0;0;0;0;0;0;0;330,6453527;-30,64535268;365;-179;0;179;221;6,942919764;;;;;;
C;0;0;0;0;0;0;0;0;0;331,8711995;-31,87119949;365;-179;0;179;222;6,974335691;;;;;;
C;0;0;0;0;0;0;0;0;0;333,0655933;-33,06559327;365;-179;0;179;223;7,005751618;;;;;;
C;0;0;0;0;0;0;0;0;0;334,2273553;-34,2273553;365;-179;0;179;224;7,037167544;;;;;;
C;0;0;0;0;0;0;0;0;0;335,3553391;-35,35533906;365;-179;0;179;225;7,068583471;;;;;;
C;0;0;0;0;0;0;0;0;0;336,4484314;-36,44843137;365;-179;0;179;226;7,099999397;;;;;;
C;0;0;0;0;0;0;0;0;0;337,5055535;-37,50555348;365;-179;0;179;227;7,131415324;;;;;;
C;0;0;0;0;0;0;0;0;0;338,5256621;-38,52566214;365;-179;0;179;228;7,16283125;;;;;;
C;0;0;0;0;0;0;0;0;0;339,5077506;-39,50775062;365;-179;0;179;229;7,194247177;;;;;;
C;0;0;0;0;0;0;0;0;0;340,4508497;-40,45084972;365;-179;0;179;230;7,225663103;;;;;;
C;0;0;0;0;0;0;0;0;0;341,3540287;-41,35402871;365;-179;0;179;231;7,25707903;;;;;;
C;0;0;0;0;0;0;0;0;0;342,2163963;-42,21639628;365;-179;0;179;232;7,288494956;;;;;;
C;0;0;0;0;0;0;0;0;0;343,0371014;-43,03710135;365;-179;0;179;233;7,319910883;;;;;;
C;0;0;0;0;0;0;0;0;0;343,815334;-43,815334;365;-179;0;179;234;7,351326809;;;;;;
C;0;0;0;0;0;0;0;0;0;344,5503262;-44,55032621;365;-179;0;179;235;7,382742736;;;;;;
C;0;0;0;0;0;0;0;0;0;345,2413526;-45,24135262;365;-179;0;179;236;7,414158662;;;;;;
C;0;0;0;0;0;0;0;0;0;345,8877313;-45,88773128;365;-179;0;179;237;7,445574589;;;;;;
C;0;0;0;0;0;0;0;0;0;346,4888243;-46,48882429;365;-179;0;179;238;7,476990516;;;;;;
C;0;0;0;0;0;0;0;0;0;347,0440384;-47,04403845;365;-179;0;179;239;7,508406442;;;;;;
C;0;0;0;0;0;0;0;0;0;347,5528258;-47,55282581;365;-179;0;179;240;7,539822369;;;;;;
C;0;0;0;0;0;0;0;0;0;348,0146843;-48,01468428;365;-179;0;179;241;7,571238295;;;;;;
C;0;0;0;0;0;0;0;0;0;348,4291581;-48,42915806;365;-179;0;179;242;7,602654222;;;;;;
C;0;0;0;0;0;0;0;0;0;348,7958381;-48,7958381;365;-179;0;179;243;7,634070148;;;;;;
C;0;0;0;0;0;0;0;0;0;349,1143625;-49,11436254;365;-179;0;179;244;7,665486075;;;;;;
C;0;0;0;0;0;0;0;0;0;349,384417;-49,38441703;365;-179;0;179;245;7,696902001;;;;;;
C;0;0;0;0;0;0;0;0;0;349,6057351;-49,60573507;365;-179;0;179;246;7,728317928;;;;;;
C;0;0;0;0;0;0;0;0;0;349,7780982;-49,77809823;365;-179;0;179;247;7,759733854;;;;;;
C;0;0;0;0;0;0;0;0;0;349,9013364;-49,90133642;365;-179;0;179;248;7,791149781;;;;;;
C;0;0;0;0;0;0;0;0;0;349,975328;-49,97532802;365;-179;0;179;249;7,822565707;;;;;;
C;0;0;0;0;0;0;0;0;0;350;-50;365;-179;0;179;250;7,853981634;;;;;;
C;0;0;0;0;0;0;0;0;0;349,975328;-49,97532802;365;-179;0;179;251;7,885397561;;;;;;
C;0;0;0;0;0;0;0;0;0;349,9013364;-49,90133642;365;-179;0;179;252;7,916813487;;;;;;
C;0;0;0;0;0;0;0;0;0;349,7780982;-49,77809823;365;-179;0;179;253;7,948229414;;;;;;
C;0;0;0;0;0;0;0;0;0;349,6057351;-49,60573507;365;-179;0;179;254;7,97964534;;;;;;
C;0;0;0;0;0;0;0;0;0;349,384417;-49,38441703;365;-179;0;179;255;8,011061267;;;;;;
C;0;0;0;0;0;0;0;0;0;349,1143625;-49,11436254;365;-179;0;179;256;8,042477193;;;;;;
C;0;0;0;0;0;0;0;0;0;348,7958381;-48,7958381;365;-179;0;179;257;8,07389312;;;;;;
C;0;0;0;0;0;0;0;0;0;348,4291581;-48,42915806;365;-179;0;179;258;8,105309046;;;;;;
C;0;0;0;0;0;0;0;0;0;348,0146843;-48,01468428;365;-179;0;179;259;8,136724973;;;;;;
C;0;0;0;0;0;0;0;0;0;347,5528258;-47,55282581;365;-179;0;179;260;8,168140899;;;;;;
C;0;0;0;0;0;0;0;0;0;347,0440384;-47,04403845;365;-179;0;179;261;8,199556826;;;;;;
C;0;0;0;0;0;0;0;0;0;346,4888243;-46,48882429;365;-179;0;179;262;8,230972752;;;;;;
C;0;0;0;0;0;0;0;0;0;345,8877313;-45,88773128;365;-179;0;179;263;8,262388679;;;;;;
C;0;0;0;0;0;0;0;0;0;345,2413526;-45,24135262;365;-179;0;179;264;8,293804605;;;;;;
C;0;0;0;0;0;0;0;0;0;344,5503262;-44,55032621;365;-179;0;179;265;8,325220532;;;;;;
C;0;0;0;0;0;0;0;0;0;343,815334;-43,815334;365;-179;0;179;266;8,356636459;;;;;;
C;0;0;0;0;0;0;0;0;0;343,0371014;-43,03710135;365;-179;0;179;267;8,388052385;;;;;;
C;0;0;0;0;0;0;0;0;0;342,2163963;-42,21639628;365;-179;0;179;268;8,419468312;;;;;;
C;0;0;0;0;0;0;0;0;0;341,3540287;-41,35402871;365;-179;0;179;269;8,450884238;;;;;;
C;0;0;0;0;0;0;0;0;0;340,4508497;-40,45084972;365;-179;0;179;270;8,482300165;;;;;;
C;0;0;0;0;0;0;0;0;0;339,5077506;-39,50775062;365;-179;0;179;271;8,513716091;;;;;;
C;0;0;0;0;0;0;0;0;0;338,5256621;-38,52566214;365;-179;0;179;272;8,545132018;;;;;;
C;0;0;0;0;0;0;0;0;0;337,5055535;-37,50555348;365;-179;0;179;273;8,576547944;;;;;;
C;0;0;0;0;0;0;0;0;0;336,4484314;-36,44843137;365;-179;0;179;274;8,607963871;;;;;;
C;0;0;0;0;0;0;0;0;0;335,3553391;-35,35533906;365;-179;0;179;275;8,639379797;;;;;;
C;0;0;0;0;0;0;0;0;0;334,2273553;-34,2273553;365;-179;0;179;276;8,670795724;;;;;;
C;0;0;0;0;0;0;0;0;0;333,0655933;-33,06559327;365;-179;0;179;277;8,70221165;;;;;;
C;0;0;0;0;0;0;0;0;0;331,8711995;-31,87119949;365;-179;0;179;278;8,733627577;;;;;;
C;0;0;0;0;0;0;0;0;0;330,6453527;-30,64535268;365;-179;0;179;279;8,765043504;;;;;;
C;0;0;0;0;0;0;0;0;0;329,3892626;-29,38926261;365;-179;0;179;280;8,79645943;;;;;;
C;0;0;0;0;0;0;0;0;0;328,1041689;-28,10416889;365;-179;0;179;281;8,827875357;;;;;;
C;0;0;0;0;0;0;0;0;0;326,7913397;-26,79133975;365;-179;0;179;282;8,859291283;;;;;;
C;0;0;0;0;0;0;0;0;0;325,4520708;-25,45207079;365;-179;0;179;283;8,89070721;;;;;;
C;0;0;0;0;0;0;0;0;0;324,0876837;-24,08768371;365;-179;0;179;284;8,922123136;;;;;;
C;0;0;0;0;0;0;0;0;0;322,699525;-22,69952499;365;-179;0;179;285;8,953539063;;;;;;
C;0;0;0;0;0;0;0;0;0;321,2889646;-21,28896458;365;-179;0;179;286;8,984954989;;;;;;
C;0;0;0;0;0;0;0;0;0;319,8573945;-19,85739453;365;-179;0;179;287;9,016370916;;;;;;
C;0;0;0;0;0;0;0;0;0;318,4062276;-18,40622763;365;-179;0;179;288;9,047786842;;;;;;
C;0;0;0;0;0;0;0;0;0;316,936896;-16,93689601;365;-179;0;179;289;9,079202769;;;;;;
C;0;0;0;0;0;0;0;0;0;315,4508497;-15,45084972;365;-179;0;179;290;9,110618695;;;;;;
C;0;0;0;0;0;0;0;0;0;313,9495553;-13,9495553;365;-179;0;179;291;9,142034622;;;;;;
C;0;0;0;0;0;0;0;0;0;312,4344944;-12,43449436;365;-179;0;179;292;9,173450548;;;;;;
C;0;0;0;0;0;0;0;0;0;310,9071621;-10,90716207;365;-179;0;179;293;9,204866475;;;;;;
C;0;0;0;0;0;0;0;0;0;309,3690657;-9,369065729;365;-179;0;179;294;9,236282402;;;;;;
C;0;0;0;0;0;0;0;0;0;307,8217233;-7,821723252;365;-179;0;179;295;9,267698328;;;;;;
C;0;0;0;0;0;0;0;0;0;306,2666617;-6,266661678;365;-179;0;179;296;9,299114255;;;;;;
C;0;0;0;0;0;0;0;0;0;304,7054157;-4,705415666;365;-179;0;179;297;9,330530181;;;;;;
C;0;0;0;0;0;0;0;0;0;303,139526;-3,139525976;365;-179;0;179;298;9,361946108;;;;;;
C;0;0;0;0;0;0;0;0;0;301,570538;-1,570537954;365;-179;0;179;299;9,393362034;;;;;;
C;0;0;0;0;0;0;0;0;0;300;-2,4503E-14;365;-179;0;179;300;9,424777961;;;;;;
C;0;0;0;0;0;0;0;0;0;298,429462;1,570537954;365;-179;0;179;301;9,456193887;;;;;;
C;0;0;0;0;0;0;0;0;0;296,860474;3,139525976;365;-179;0;179;302;9,487609814;;;;;;
C;0;0;0;0;0;0;0;0;0;295,2945843;4,705415666;365;-179;0;179;303;9,51902574;;;;;;
C;0;0;0;0;0;0;0;0;0;293,7333383;6,266661678;365;-179;0;179;304;9,550441667;;;;;;
C;0;0;0;0;0;0;0;0;0;292,1782767;7,821723252;365;-179;0;179;305;9,581857593;;;;;;
C;0;0;0;0;0;0;0;0;0;290,6309343;9,369065729;365;-179;0;179;306;9,61327352;;;;;;
C;0;0;0;0;0;0;0;0;0;289,0928379;10,90716207;365;-179;0;179;307;9,644689447;;;;;;
C;0;0;0;0;0;0;0;0;0;287,5655056;12,43449436;365;-179;0;179;308;9,676105373;;;;;;
C;0;0;0;0;0;0;0;0;0;286,0504447;13,9495553;365;-179;0;179;309;9,7075213;;;;;;
C;0;0;0;0;0;0;0;0;0;284,5491503;15,45084972;365;-179;0;179;310;9,738937226;;;;;;
C;0;0;0;0;0;0;0;0;0;283,063104;16,93689601;365;-179;0;179;311;9,770353153;;;;;;
C;0;0;0;0;0;0;0;0;0;281,5937724;18,40622763;365;-179;0;179;312;9,801769079;;;;;;
C;0;0;0;0;0;0;0;0;0;280,1426055;19,85739453;365;-179;0;179;313;9,833185006;;;;;;
C;0;0;0;0;0;0;0;0;0;278,7110354;21,28896458;365;-179;0;179;314;9,864600932;;;;;;
C;0;0;0;0;0;0;0;0;0;277,300475;22,69952499;365;-179;0;179;315;9,896016859;;;;;;
C;0;0;0;0;0;0;0;0;0;275,9123163;24,08768371;365;-179;0;179;316;9,927432785;;;;;;
C;0;0;0;0;0;0;0;0;0;274,5479292;25,45207079;365;-179;0;179;317;9,958848712;;;;;;
C;0;0;0;0;0;0;0;0;0;273,2086603;26,79133975;365;-179;0;179;318;9,990264638;;;;;;
C;0;0;0;0;0;0;0;0;0;271,8958311;28,10416889;365;-179;0;179;319;10,02168056;;;;;;
C;0;0;0;0;0;0;0;0;0;270,6107374;29,38926261;365;-179;0;179;320;10,05309649;;;;;;
C;0;0;0;0;0;0;0;0;0;269,3546473;30,64535268;365;-179;0;179;321;10,08451242;;;;;;
C;0;0;0;0;0;0;0;0;0;268,1288005;31,87119949;365;-179;0;179;322;10,11592834;;;;;;
C;0;0;0;0;0;0;0;0;0;266,9344067;33,06559327;365;-179;0;179;323;10,14734427;;;;;;
C;0;0;0;0;0;0;0;0;0;265,7726447;34,2273553;365;-179;0;179;324;10,1787602;;;;;;
C;0;0;0;0;0;0;0;0;0;264,6446609;35,35533906;365;-179;0;179;325;10,21017612;;;;;;
C;0;0;0;0;0;0;0;0;0;263,5515686;36,44843137;365;-179;0;179;326;10,24159205;;;;;;
C;0;0;0;0;0;0;0;0;0;262,4944465;37,50555348;365;-179;0;179;327;10,27300798;;;;;;
C;0;0;0;0;0;0;0;0;0;261,4743379;38,52566214;365;-179;0;179;328;10,3044239;;;;;;
C;0;0;0;0;0;0;0;0;0;260,4922494;39,50775062;365;-179;0;179;329;10,33583983;;;;;;
C;0;0;0;0;0;0;0;0;0;259,5491503;40,45084972;365;-179;0;179;330;10,36725576;;;;;;
C;0;0;0;0;0;0;0;0;0;258,6459713;41,35402871;365;-179;0;179;331;10,39867168;;;;;;
C;0;0;0;0;0;0;0;0;0;257,7836037;42,21639628;365;-179;0;179;332;10,43008761;;;;;;
C;0;0;0;0;0;0;0;0;0;256,9628986;43,03710135;365;-179;0;179;333;10,46150354;;;;;;
C;0;0;0;0;0;0;0;0;0;256,184666;43,815334;365;-179;0;179;334;10,49291946;;;;;;
C;0;0;0;0;0;0;0;0;0;255,4496738;44,55032621;365;-179;0;179;335;10,52433539;;;;;;
C;0;0;0;0;0;0;0;0;0;254,7586474;45,24135262;365;-179;0;179;336;10,55575132;;;;;;
C;0;0;0;0;0;0;0;0;0;254,1122687;45,88773128;365;-179;0;179;337;10,58716724;;;;;;
C;0;0;0;0;0;0;0;0;0;253,5111757;46,48882429;365;-179;0;179;338;10,61858317;;;;;;
C;0;0;0;0;0;0;0;0;0;252,9559616;47,04403845;365;-179;0;179;339;10,6499991;;;;;;
C;0;0;0;0;0;0;0;0;0;252,4471742;47,55282581;365;-179;0;179;340;10,68141502;;;;;;
C;0;0;0;0;0;0;0;0;0;251,9853157;48,01468428;365;-179;0;179;341;10,71283095;;;;;;
C;0;0;0;0;0;0;0;0;0;251,5708419;48,42915806;365;-179;0;179;342;10,74424688;;;;;;
C;0;0;0;0;0;0;0;0;0;251,2041619;48,7958381;365;-179;0;179;343;10,7756628;;;;;;
C;0;0;0;0;0;0;0;0;0;250,8856375;49,11436254;365;-179;0;179;344;10,80707873;;;;;;
C;0;0;0;0;0;0;0;0;0;250,615583;49,38441703;365;-179;0;179;345;10,83849465;;;;;;
C;0;0;0;0;0;0;0;0;0;250,3942649;49,60573507;365;-179;0;179;346;10,86991058;;;;;;
C;0;0;0;0;0;0;0;0;0;250,2219018;49,77809823;365;-179;0;179;347;10,90132651;;;;;;
C;0;0;0;0;0;0;0;0;0;250,0986636;49,90133642;365;-179;0;179;348;10,93274243;;;;;;
C;0;0;0;0;0;0;0;0;0;250,024672;49,97532802;365;-179;0;179;349;10,96415836;;;;;;
C;0;0;0;0;0;0;0;0;0;250;50;365;-179;0;179;350;10,99557429;;;;;;
C;0;0;0;0;0;0;0;0;0;250,024672;49,97532802;365;-179;0;179;351;11,02699021;;;;;;
C;0;0;0;0;0;0;0;0;0;250,0986636;49,90133642;365;-179;0;179;352;11,05840614;;;;;;
C;0;0;0;0;0;0;0;0;0;250,2219018;49,77809823;365;-179;0;179;353;11,08982207;;;;;;
C;0;0;0;0;0;0;0;0;0;250,3942649;49,60573507;365;-179;0;179;354;11,12123799;;;;;;
C;0;0;0;0;0;0;0;0;0;250,615583;49,38441703;365;-179;0;179;355;11,15265392;;;;;;
C;0;0;0;0;0;0;0;0;0;250,8856375;49,11436254;365;-179;0;179;356;11,18406985;;;;;;
C;0;0;0;0;0;0;0;0;0;251,2041619;48,7958381;365;-179;0;179;357;11,21548577;;;;;;
C;0;0;0;0;0;0;0;0;0;251,5708419;48,42915806;365;-179;0;179;358;11,2469017;;;;;;
C;0;0;0;0;0;0;0;0;0;251,9853157;48,01468428;365;-179;0;179;359;11,27831763;;;;;;
C;0;0;0;0;0;0;0;0;0;252,4471742;47,55282581;365;-179;0;179;360;11,30973355;;;;;;
C;0;0;0;0;0;0;0;0;0;252,9559616;47,04403845;365;-179;0;179;361;11,34114948;;;;;;
C;0;0;0;0;0;0;0;0;0;253,5111757;46,48882429;365;-179;0;179;362;11,37256541;;;;;;
C;0;0;0;0;0;0;0;0;0;254,1122687;45,88773128;365;-179;0;179;363;11,40398133;;;;;;
C;0;0;0;0;0;0;0;0;0;254,7586474;45,24135262;365;-179;0;179;364;11,43539726;;;;;;
C;0;0;0;0;0;0;0;0;0;255,4496738;44,55032621;365;-179;0;179;365;11,46681319;;;;;;
C;0;0;0;0;0;0;0;0;0;256,184666;43,815334;365;-179;0;179;366;11,49822911;;;;;;
C;0;0;0;0;0;0;0;0;0;256,9628986;43,03710135;365;-179;0;179;367;11,52964504;;;;;;
C;0;0;0;0;0;0;0;0;0;257,7836037;42,21639628;365;-179;0;179;368;11,56106097;;;;;;
C;0;0;0;0;0;0;0;0;0;258,6459713;41,35402871;365;-179;0;179;369;11,59247689;;;;;;
C;0;0;0;0;0;0;0;0;0;259,5491503;40,45084972;365;-179;0;179;370;11,62389282;;;;;;
C;0;0;0;0;0;0;0;0;0;260,4922494;39,50775062;365;-179;0;179;371;11,65530874;;;;;;
C;0;0;0;0;0;0;0;0;0;261,4743379;38,52566214;365;-179;0;179;372;11,68672467;;;;;;
C;0;0;0;0;0;0;0;0;0;262,4944465;37,50555348;365;-179;0;179;373;11,7181406;;;;;;
C;0;0;0;0;0;0;0;0;0;263,5515686;36,44843137;365;-179;0;179;374;11,74955652;;;;;;
C;0;0;0;0;0;0;0;0;0;264,6446609;35,35533906;365;-179;0;179;375;11,78097245;;;;;;
C;0;0;0;0;0;0;0;0;0;265,7726447;34,2273553;365;-179;0;179;376;11,81238838;;;;;;
C;0;0;0;0;0;0;0;0;0;266,9344067;33,06559327;365;-179;0;179;377;11,8438043;;;;;;
C;0;0;0;0;0;0;0;0;0;268,1288005;31,87119949;365;-179;0;179;378;11,87522023;;;;;;
C;0;0;0;0;0;0;0;0;0;269,3546473;30,64535268;365;-179;0;179;379;11,90663616;;;;;;
C;0;0;0;0;0;0;0;0;0;270,6107374;29,38926261;365;-179;0;179;380;11,93805208;;;;;;
C;0;0;0;0;0;0;0;0;0;271,8958311;28,10416889;365;-179;0;179;381;11,96946801;;;;;;
C;0;0;0;0;0;0;0;0;0;273,2086603;26,79133975;365;-179;0;179;382;12,00088394;;;;;;
C;0;0;0;0;0;0;0;0;0;274,5479292;25,45207079;365;-179;0;179;383;12,03229986;;;;;;
C;0;0;0;0;0;0;0;0;0;275,9123163;24,08768371;365;-179;0;179;384;12,06371579;;;;;;
C;0;0;0;0;0;0;0;0;0;277,300475;22,69952499;365;-179;0;179;385;12,09513172;;;;;;
C;0;0;0;0;0;0;0;0;0;278,7110354;21,28896458;365;-179;0;179;386;12,12654764;;;;;;
C;0;0;0;0;0;0;0;0;0;280,1426055;19,85739453;365;-179;0;179;387;12,15796357;;;;;;
C;0;0;0;0;0;0;0;0;0;281,5937724;18,40622763;365;-179;0;179;388;12,1893795;;;;;;
C;0;0;0;0;0;0;0;0;0;283,063104;16,93689601;365;-179;0;179;389;12,22079542;;;;;;
C;0;0;0;0;0;0;0;0;0;284,5491503;15,45084972;365;-179;0;179;390;12,25221135;;;;;;
C;0;0;0;0;0;0;0;0;0;286,0504447;13,9495553;365;-179;0;179;391;12,28362728;;;;;;
C;0;0;0;0;0;0;0;0;0;287,5655056;12,43449436;365;-179;0;179;392;12,3150432;;;;;;
C;0;0;0;0;0;0;0;0;0;289,0928379;10,90716207;365;-179;0;179;393;12,34645913;;;;;;
C;0;0;0;0;0;0;0;0;0;290,6309343;9,369065729;365;-179;0;179;394;12,37787506;;;;;;
C;0;0;0;0;0;0;0;0;0;292,1782767;7,821723252;365;-179;0;179;395;12,40929098;;;;;;
C;0;0;0;0;0;0;0;0;0;293,7333383;6,266661678;365;-179;0;179;396;12,44070691;;;;;;
C;0;0;0;0;0;0;0;0;0;295,2945843;4,705415666;365;-179;0;179;397;12,47212283;;;;;;
C;0;0;0;0;0;0;0;0;0;296,860474;3,139525976;365;-179;0;179;398;12,50353876;;;;;;
C;0;0;0;0;0;0;0;0;0;298,429462;1,570537954;365;-179;0;179;399;12,53495469;;;;;;
C;0;0;0;0;0;0;0;0;0;300;3,06287E-14;365;-179;0;179;400;12,56637061;;;;;;
C;0;0;0;0;0;0;0;0;0;301,570538;-1,570537954;365;-179;0;179;401;12,59778654;;;;;;
C;0;0;0;0;0;0;0;0;0;303,139526;-3,139525976;365;-179;0;179;402;12,62920247;;;;;;
C;0;0;0;0;0;0;0;0;0;304,7054157;-4,705415666;365;-179;0;179;403;12,66061839;;;;;;
C;0;0;0;0;0;0;0;0;0;306,2666617;-6,266661678;365;-179;0;179;404;12,69203432;;;;;;
C;0;0;0;0;0;0;0;0;0;307,8217233;-7,821723252;365;-179;0;179;405;12,72345025;;;;;;
C;0;0;0;0;0;0;0;0;0;309,3690657;-9,369065729;365;-179;0;179;406;12,75486617;;;;;;
C;0;0;0;0;0;0;0;0;0;310,9071621;-10,90716207;365;-179;0;179;407;12,7862821;;;;;;
C;0;0;0;0;0;0;0;0;0;312,4344944;-12,43449436;365;-179;0;179;408;12,81769803;;;;;;
C;0;0;0;0;0;0;0;0;0;313,9495553;-13,9495553;365;-179;0;179;409;12,84911395;;;;;;
C;0;0;0;0;0;0;0;0;0;315,4508497;-15,45084972;365;-179;0;179;410;12,88052988;;;;;;
C;0;0;0;0;0;0;0;0;0;316,936896;-16,93689601;365;-179;0;179;411;12,91194581;;;;;;
C;0;0;0;0;0;0;0;0;0;318,4062276;-18,40622763;365;-179;0;179;412;12,94336173;;;;;;
C;0;0;0;0;0;0;0;0;0;319,8573945;-19,85739453;365;-179;0;179;413;12,97477766;;;;;;
C;0;0;0;0;0;0;0;0;0;321,2889646;-21,28896458;365;-179;0;179;414;13,00619359;;;;;;
C;0;0;0;0;0;0;0;0;0;322,699525;-22,69952499;365;-179;0;179;415;13,03760951;;;;;;
C;0;0;0;0;0;0;0;0;0;324,0876837;-24,08768371;365;-179;0;179;416;13,06902544;;;;;;
C;0;0;0;0;0;0;0;0;0;325,4520708;-25,45207079;365;-179;0;179;417;13,10044137;;;;;;
C;0;0;0;0;0;0;0;0;0;326,7913397;-26,79133975;365;-179;0;179;418;13,13185729;;;;;;
C;0;0;0;0;0;0;0;0;0;328,1041689;-28,10416889;365;-179;0;179;419;13,16327322;;;;;;
C;0;0;0;0;0;0;0;0;0;329,3892626;-29,38926261;365;-179;0;179;420;13,19468915;;;;;;
C;0;0;0;0;0;0;0;0;0;330,6453527;-30,64535268;365;-179;0;179;421;13,22610507;;;;;;
C;0;0;0;0;0;0;0;0;0;331,8711995;-31,87119949;365;-179;0;179;422;13,257521;;;;;;
C;0;0;0;0;0;0;0;0;0;333,0655933;-33,06559327;365;-179;0;179;423;13,28893692;;;;;;
C;0;0;0;0;0;0;0;0;0;334,2273553;-34,2273553;365;-179;0;179;424;13,32035285;;;;;;
C;0;0;0;0;0;0;0;0;0;335,3553391;-35,35533906;365;-179;0;179;425;13,35176878;;;;;;
C;0;0;0;0;0;0;0;0;0;336,4484314;-36,44843137;365;-179;0;179;426;13,3831847;;;;;;
C;0;0;0;0;0;0;0;0;0;337,5055535;-37,50555348;365;-179;0;179;427;13,41460063;;;;;;
C;0;0;0;0;0;0;0;0;0;338,5256621;-38,52566214;365;-179;0;179;428;13,44601656;;;;;;
C;0;0;0;0;0;0;0;0;0;339,5077506;-39,50775062;365;-179;0;179;429;13,47743248;;;;;;
C;0;0;0;0;0;0;0;0;0;340,4508497;-40,45084972;365;-179;0;179;430;13,50884841;;;;;;
C;0;0;0;0;0;0;0;0;0;341,3540287;-41,35402871;365;-179;0;179;431;13,54026434;;;;;;
C;0;0;0;0;0;0;0;0;0;342,2163963;-42,21639628;365;-179;0;179;432;13,57168026;;;;;;
C;0;0;0;0;0;0;0;0;0;343,0371014;-43,03710135;365;-179;0;179;433;13,60309619;;;;;;
C;0;0;0;0;0;0;0;0;0;343,815334;-43,815334;365;-179;0;179;434;13,63451212;;;;;;
C;0;0;0;0;0;0;0;0;0;344,5503262;-44,55032621;365;-179;0;179;435;13,66592804;;;;;;
C;0;0;0;0;0;0;0;0;0;345,2413526;-45,24135262;365;-179;0;179;436;13,69734397;;;;;;
C;0;0;0;0;0;0;0;0;0;345,8877313;-45,88773128;365;-179;0;179;437;13,7287599;;;;;;
C;0;0;0;0;0;0;0;0;0;346,4888243;-46,48882429;365;-179;0;179;438;13,76017582;;;;;;
C;0;0;0;0;0;0;0;0;0;347,0440384;-47,04403845;365;-179;0;179;439;13,79159175;;;;;;
C;0;0;0;0;0;0;0;0;0;347,5528258;-47,55282581;365;-179;0;179;440;13,82300768;;;;;;
C;0;0;0;0;0;0;0;0;0;348,0146843;-48,01468428;365;-179;0;179;441;13,8544236;;;;;;
C;0;0;0;0;0;0;0;0;0;348,4291581;-48,42915806;365;-179;0;179;442;13,88583953;;;;;;
C;0;0;0;0;0;0;0;0;0;348,7958381;-48,7958381;365;-179;0;179;443;13,91725546;;;;;;
C;0;0;0;0;0;0;0;0;0;349,1143625;-49,11436254;365;-179;0;179;444;13,94867138;;;;;;
C;0;0;0;0;0;0;0;0;0;349,384417;-49,38441703;365;-179;0;179;445;13,98008731;;;;;;
C;0;0;0;0;0;0;0;0;0;349,6057351;-49,60573507;365;-179;0;179;446;14,01150324;;;;;;
C;0;0;0;0;0;0;0;0;0;349,7780982;-49,77809823;365;-179;0;179;447;14,04291916;;;;;;
C;0;0;0;0;0;0;0;0;0;349,9013364;-49,90133642;365;-179;0;179;448;14,07433509;;;;;;
C;0;0;0;0;0;0;0;0;0;349,975328;-49,97532802;365;-179;0;179;449;14,10575101;;;;;;
C;0;0;0;0;0;0;0;0;0;350;-50;365;-179;0;179;450;14,13716694;;;;;;
C;0;0;0;0;0;0;0;0;0;349,975328;-49,97532802;365;-179;0;179;451;14,16858287;;;;;;
C;0;0;0;0;0;0;0;0;0;349,9013364;-49,90133642;365;-179;0;179;452;14,19999879;;;;;;
C;0;0;0;0;0;0;0;0;0;349,7780982;-49,77809823;365;-179;0;179;453;14,23141472;;;;;;
C;0;0;0;0;0;0;0;0;0;349,6057351;-49,60573507;365;-179;0;179;454;14,26283065;;;;;;
C;0;0;0;0;0;0;0;0;0;349,384417;-49,38441703;365;-179;0;179;455;14,29424657;;;;;;
C;0;0;0;0;0;0;0;0;0;349,1143625;-49,11436254;365;-179;0;179;456;14,3256625;;;;;;
C;0;0;0;0;0;0;0;0;0;348,7958381;-48,7958381;365;-179;0;179;457;14,35707843;;;;;;
C;0;0;0;0;0;0;0;0;0;348,4291581;-48,42915806;365;-179;0;179;458;14,38849435;;;;;;
C;0;0;0;0;0;0;0;0;0;348,0146843;-48,01468428;365;-179;0;179;459;14,41991028;;;;;;
C;0;0;0;0;0;0;0;0;0;347,5528258;-47,55282581;365;-179;0;179;460;14,45132621;;;;;;
C;0;0;0;0;0;0;0;0;0;347,0440384;-47,04403845;365;-179;0;179;461;14,48274213;;;;;;
C;0;0;0;0;0;0;0;0;0;346,4888243;-46,48882429;365;-179;0;179;462;14,51415806;;;;;;
C;0;0;0;0;0;0;0;0;0;345,8877313;-45,88773128;365;-179;0;179;463;14,54557399;;;;;;
C;0;0;0;0;0;0;0;0;0;345,2413526;-45,24135262;365;-179;0;179;464;14,57698991;;;;;;
C;0;0;0;0;0;0;0;0;0;344,5503262;-44,55032621;365;-179;0;179;465;14,60840584;;;;;;
C;0;0;0;0;0;0;0;0;0;343,815334;-43,815334;365;-179;0;179;466;14,63982177;;;;;;
C;0;0;0;0;0;0;0;0;0;343,0371014;-43,03710135;365;-179;0;179;467;14,67123769;;;;;;
C;0;0;0;0;0;0;0;0;0;342,2163963;-42,21639628;365;-179;0;179;468;14,70265362;;;;;;
C;0;0;0;0;0;0;0;0;0;341,3540287;-41,35402871;365;-179;0;179;469;14,73406955;;;;;;
C;0;0;0;0;0;0;0;0;0;340,4508497;-40,45084972;365;-179;0;179;470;14,76548547;;;;;;
C;0;0;0;0;0;0;0;0;0;339,5077506;-39,50775062;365;-179;0;179;471;14,7969014;;;;;;
C;0;0;0;0;0;0;0;0;0;338,5256621;-38,52566214;365;-179;0;179;472;14,82831732;;;;;;
C;0;0;0;0;0;0;0;0;0;337,5055535;-37,50555348;365;-179;0;179;473;14,85973325;;;;;;
C;0;0;0;0;0;0;0;0;0;336,4484314;-36,44843137;365;-179;0;179;474;14,89114918;;;;;;
C;0;0;0;0;0;0;0;0;0;335,3553391;-35,35533906;365;-179;0;179;475;14,9225651;;;;;;
C;0;0;0;0;0;0;0;0;0;334,2273553;-34,2273553;365;-179;0;179;476;14,95398103;;;;;;
C;0;0;0;0;0;0;0;0;0;333,0655933;-33,06559327;365;-179;0;179;477;14,98539696;;;;;;
C;0;0;0;0;0;0;0;0;0;331,8711995;-31,87119949;365;-179;0;179;478;15,01681288;;;;;;
C;0;0;0;0;0;0;0;0;0;330,6453527;-30,64535268;365;-179;0;179;479;15,04822881;;;;;;
C;0;0;0;0;0;0;0;0;0;329,3892626;-29,38926261;365;-179;0;179;480;15,07964474;;;;;;
C;0;0;0;0;0;0;0;0;0;328,1041689;-28,10416889;365;-179;0;179;481;15,11106066;;;;;;
C;0;0;0;0;0;0;0;0;0;326,7913397;-26,79133975;365;-179;0;179;482;15,14247659;;;;;;
C;0;0;0;0;0;0;0;0;0;325,4520708;-25,45207079;365;-179;0;179;483;15,17389252;;;;;;
C;0;0;0;0;0;0;0;0;0;324,0876837;-24,08768371;365;-179;0;179;484;15,20530844;;;;;;
C;0;0;0;0;0;0;0;0;0;322,699525;-22,69952499;365;-179;0;179;485;15,23672437;;;;;;
C;0;0;0;0;0;0;0;0;0;321,2889646;-21,28896458;365;-179;0;179;486;15,2681403;;;;;;
C;0;0;0;0;0;0;0;0;0;319,8573945;-19,85739453;365;-179;0;179;487;15,29955622;;;;;;
C;0;0;0;0;0;0;0;0;0;318,4062276;-18,40622763;365;-179;0;179;488;15,33097215;;;;;;
C;0;0;0;0;0;0;0;0;0;316,936896;-16,93689601;365;-179;0;179;489;15,36238808;;;;;;
C;0;0;0;0;0;0;0;0;0;315,4508497;-15,45084972;365;-179;0;179;490;15,393804;;;;;;
C;0;0;0;0;0;0;0;0;0;313,9495553;-13,9495553;365;-179;0;179;491;15,42521993;;;;;;
C;0;0;0;0;0;0;0;0;0;312,4344944;-12,43449436;365;-179;0;179;492;15,45663586;;;;;;
C;0;0;0;0;0;0;0;0;0;310,9071621;-10,90716207;365;-179;0;179;493;15,48805178;;;;;;
C;0;0;0;0;0;0;0;0;0;309,3690657;-9,369065729;365;-179;0;179;494;15,51946771;;;;;;
C;0;0;0;0;0;0;0;0;0;307,8217233;-7,821723252;365;-179;0;179;495;15,55088364;;;;;;
C;0;0;0;0;0;0;0;0;0;306,2666617;-6,266661678;365;-179;0;179;496;15,58229956;;;;;;
C;0;0;0;0;0;0;0;0;0;304,7054157;-4,705415666;365;-179;0;179;497;15,61371549;;;;;;
C;0;0;0;0;0;0;0;0;0;303,139526;-3,139525976;365;-179;0;179;498;15,64513141;;;;;;
C;0;0;0;0;0;0;0;0;0;301,570538;-1,570537954;365;-179;0;179;499;15,67654734;;;;;;
C;0;0;0;0;0;0;0;0;0;300;-3,67545E-14;365;-179;0;179;500;15,70796327;;;;;;
C;0;0;0;0;0;0;0;0;0;298,429462;1,570537954;365;-179;0;179;501;15,73937919;;;;;;
C;0;0;0;0;0;0;0;0;0;296,860474;3,139525976;365;-179;0;179;502;15,77079512;;;;;;
C;0;0;0;0;0;0;0;0;0;295,2945843;4,705415666;365;-179;0;179;503;15,80221105;;;;;;
C;0;0;0;0;0;0;0;0;0;293,7333383;6,266661678;365;-179;0;179;504;15,83362697;;;;;;
C;0;0;0;0;0;0;0;0;0;292,1782767;7,821723252;365;-179;0;179;505;15,8650429;;;;;;
C;0;0;0;0;0;0;0;0;0;290,6309343;9,369065729;365;-179;0;179;506;15,89645883;;;;;;
C;0;0;0;0;0;0;0;0;0;289,0928379;10,90716207;365;-179;0;179;507;15,92787475;;;;;;
C;0;0;0;0;0;0;0;0;0;287,5655056;12,43449436;365;-179;0;179;508;15,95929068;;;;;;
C;0;0;0;0;0;0;0;0;0;286,0504447;13,9495553;365;-179;0;179;509;15,99070661;;;;;;
C;0;0;0;0;0;0;0;0;0;284,5491503;15,45084972;365;-179;0;179;510;16,02212253;;;;;;
C;0;0;0;0;0;0;0;0;0;283,063104;16,93689601;365;-179;0;179;511;16,05353846;;;;;;
C;0;0;0;0;0;0;0;0;0;281,5937724;18,40622763;365;-179;0;179;512;16,08495439;;;;;;
C;0;0;0;0;0;0;0;0;0;280,1426055;19,85739453;365;-179;0;179;513;16,11637031;;;;;;
C;0;0;0;0;0;0;0;0;0;278,7110354;21,28896458;365;-179;0;179;514;16,14778624;;;;;;
C;0;0;0;0;0;0;0;0;0;277,300475;22,69952499;365;-179;0;179;515;16,17920217;;;;;;
C;0;0;0;0;0;0;0;0;0;275,9123163;24,08768371;365;-179;0;179;516;16,21061809;;;;;;
C;0;0;0;0;0;0;0;0;0;274,5479292;25,45207079;365;-179;0;179;517;16,24203402;;;;;;
C;0;0;0;0;0;0;0;0;0;273,2086603;26,79133975;365;-179;0;179;518;16,27344995;;;;;;
C;0;0;0;0;0;0;0;0;0;271,8958311;28,10416889;365;-179;0;179;519;16,30486587;;;;;;
C;0;0;0;0;0;0;0;0;0;270,6107374;29,38926261;365;-179;0;179;520;16,3362818;;;;;;
C;0;0;0;0;0;0;0;0;0;269,3546473;30,64535268;365;-179;0;179;521;16,36769773;;;;;;
C;0;0;0;0;0;0;0;0;0;268,1288005;31,87119949;365;-179;0;179;522;16,39911365;;;;;;
C;0;0;0;0;0;0;0;0;0;266,9344067;33,06559327;365;-179;0;179;523;16,43052958;;;;;;
C;0;0;0;0;0;0;0;0;0;265,7726447;34,2273553;365;-179;0;179;524;16,4619455;;;;;;
C;0;0;0;0;0;0;0;0;0;264,6446609;35,35533906;365;-179;0;179;525;16,49336143;;;;;;
C;0;0;0;0;0;0;0;0;0;263,5515686;36,44843137;365;-179;0;179;526;16,52477736;;;;;;
C;0;0;0;0;0;0;0;0;0;262,4944465;37,50555348;365;-179;0;179;527;16,55619328;;;;;;
C;0;0;0;0;0;0;0;0;0;261,4743379;38,52566214;365;-179;0;179;528;16,58760921;;;;;;
C;0;0;0;0;0;0;0;0;0;260,4922494;39,50775062;365;-179;0;179;529;16,61902514;;;;;;
C;0;0;0;0;0;0;0;0;0;259,5491503;40,45084972;365;-179;0;179;530;16,65044106;;;;;;
C;0;0;0;0;0;0;0;0;0;258,6459713;41,35402871;365;-179;0;179;531;16,68185699;;;;;;
C;0;0;0;0;0;0;0;0;0;257,7836037;42,21639628;365;-179;0;179;532;16,71327292;;;;;;
C;0;0;0;0;0;0;0;0;0;256,9628986;43,03710135;365;-179;0;179;533;16,74468884;;;;;;
C;0;0;0;0;0;0;0;0;0;256,184666;43,815334;365;-179;0;179;534;16,77610477;;;;;;
C;0;0;0;0;0;0;0;0;0;255,4496738;44,55032621;365;-179;0;179;535;16,8075207;;;;;;
C;0;0;0;0;0;0;0;0;0;254,7586474;45,24135262;365;-179;0;179;536;16,83893662;;;;;;
C;0;0;0;0;0;0;0;0;0;254,1122687;45,88773128;365;-179;0;179;537;16,87035255;;;;;;
C;0;0;0;0;0;0;0;0;0;253,5111757;46,48882429;365;-179;0;179;538;16,90176848;;;;;;
C;0;0;0;0;0;0;0;0;0;252,9559616;47,04403845;365;-179;0;179;539;16,9331844;;;;;;
C;0;0;0;0;0;0;0;0;0;252,4471742;47,55282581;365;-179;0;179;540;16,96460033;;;;;;
C;0;0;0;0;0;0;0;0;0;251,9853157;48,01468428;365;-179;0;179;541;16,99601626;;;;;;
C;0;0;0;0;0;0;0;0;0;251,5708419;48,42915806;365;-179;0;179;542;17,02743218;;;;;;
C;0;0;0;0;0;0;0;0;0;251,2041619;48,7958381;365;-179;0;179;543;17,05884811;;;;;;
C;0;0;0;0;0;0;0;0;0;250,8856375;49,11436254;365;-179;0;179;544;17,09026404;;;;;;
C;0;0;0;0;0;0;0;0;0;250,615583;49,38441703;365;-179;0;179;545;17,12167996;;;;;;
C;0;0;0;0;0;0;0;0;0;250,3942649;49,60573507;365;-179;0;179;546;17,15309589;;;;;;
C;0;0;0;0;0;0;0;0;0;250,2219018;49,77809823;365;-179;0;179;547;17,18451182;;;;;;
C;0;0;0;0;0;0;0;0;0;250,0986636;49,90133642;365;-179;0;179;548;17,21592774;;;;;;
C;0;0;0;0;0;0;0;0;0;250,024672;49,97532802;365;-179;0;179;549;17,24734367;;;;;;
C;0;0;0;0;0;0;0;0;0;250;50;365;-179;0;179;550;17,27875959;;;;;;
C;0;0;0;0;0;0;0;0;0;250,024672;49,97532802;365;-179;0;179;551;17,31017552;;;;;;
C;0;0;0;0;0;0;0;0;0;250,0986636;49,90133642;365;-179;0;179;552;17,34159145;;;;;;
C;0;0;0;0;0;0;0;0;0;250,2219018;49,77809823;365;-179;0;179;553;17,37300737;;;;;;
C;0;0;0;0;0;0;0;0;0;250,3942649;49,60573507;365;-179;0;179;554;17,4044233;;;;;;
C;0;0;0;0;0;0;0;0;0;250,615583;49,38441703;365;-179;0;179;555;17,43583923;;;;;;
C;0;0;0;0;0;0;0;0;0;250,8856375;49,11436254;365;-179;0;179;556;17,46725515;;;;;;
C;0;0;0;0;0;0;0;0;0;251,2041619;48,7958381;365;-179;0;179;557;17,49867108;;;;;;
C;0;0;0;0;0;0;0;0;0;251,5708419;48,42915806;365;-179;0;179;558;17,53008701;;;;;;
C;0;0;0;0;0;0;0;0;0;251,9853157;48,01468428;365;-179;0;179;559;17,56150293;;;;;;
C;0;0;0;0;0;0;0;0;0;252,4471742;47,55282581;365;-179;0;179;560;17,59291886;;;;;;
C;0;0;0;0;0;0;0;0;0;252,9559616;47,04403845;365;-179;0;179;561;17,62433479;;;;;;
C;0;0;0;0;0;0;0;0;0;253,5111757;46,48882429;365;-179;0;179;562;17,65575071;;;;;;
C;0;0;0;0;0;0;0;0;0;254,1122687;45,88773128;365;-179;0;179;563;17,68716664;;;;;;
C;0;0;0;0;0;0;0;0;0;254,7586474;45,24135262;365;-179;0;179;564;17,71858257;;;;;;
C;0;0;0;0;0;0;0;0;0;255,4496738;44,55032621;365;-179;0;179;565;17,74999849;;;;;;
C;0;0;0;0;0;0;0;0;0;256,184666;43,815334;365;-179;0;179;566;17,78141442;;;;;;
C;0;0;0;0;0;0;0;0;0;256,9628986;43,03710135;365;-179;0;179;567;17,81283035;;;;;;
C;0;0;0;0;0;0;0;0;0;257,7836037;42,21639628;365;-179;0;179;568;17,84424627;;;;;;
C;0;0;0;0;0;0;0;0;0;258,6459713;41,35402871;365;-179;0;179;569;17,8756622;;;;;;
C;0;0;0;0;0;0;0;0;0;259,5491503;40,45084972;365;-179;0;179;570;17,90707813;;;;;;
C;0;0;0;0;0;0;0;0;0;260,4922494;39,50775062;365;-179;0;179;571;17,93849405;;;;;;
C;0;0;0;0;0;0;0;0;0;261,4743379;38,52566214;365;-179;0;179;572;17,96990998;;;;;;
C;0;0;0;0;0;0;0;0;0;262,4944465;37,50555348;365;-179;0;179;573;18,00132591;;;;;;
C;0;0;0;0;0;0;0;0;0;263,5515686;36,44843137;365;-179;0;179;574;18,03274183;;;;;;
C;0;0;0;0;0;0;0;0;0;264,6446609;35,35533906;365;-179;0;179;575;18,06415776;;;;;;
C;0;0;0;0;0;0;0;0;0;265,7726447;34,2273553;365;-179;0;179;576;18,09557368;;;;;;
C;0;0;0;0;0;0;0;0;0;266,9344067;33,06559327;365;-179;0;179;577;18,12698961;;;;;;
C;0;0;0;0;0;0;0;0;0;268,1288005;31,87119949;365;-179;0;179;578;18,15840554;;;;;;
C;0;0;0;0;0;0;0;0;0;269,3546473;30,64535268;365;-179;0;179;579;18,18982146;;;;;;
C;0;0;0;0;0;0;0;0;0;270,6107374;29,38926261;365;-179;0;179;580;18,22123739;;;;;;
C;0;0;0;0;0;0;0;0;0;271,8958311;28,10416889;365;-179;0;179;581;18,25265332;;;;;;
C;0;0;0;0;0;0;0;0;0;273,2086603;26,79133975;365;-179;0;179;582;18,28406924;;;;;;
C;0;0;0;0;0;0;0;0;0;274,5479292;25,45207079;365;-179;0;179;583;18,31548517;;;;;;
C;0;0;0;0;0;0;0;0;0;275,9123163;24,08768371;365;-179;0;179;584;18,3469011;;;;;;
C;0;0;0;0;0;0;0;0;0;277,300475;22,69952499;365;-179;0;179;585;18,37831702;;;;;;
C;0;0;0;0;0;0;0;0;0;278,7110354;21,28896458;365;-179;0;179;586;18,40973295;;;;;;
C;0;0;0;0;0;0;0;0;0;280,1426055;19,85739453;365;-179;0;179;587;18,44114888;;;;;;
C;0;0;0;0;0;0;0;0;0;281,5937724;18,40622763;365;-179;0;179;588;18,4725648;;;;;;
C;0;0;0;0;0;0;0;0;0;283,063104;16,93689601;365;-179;0;179;589;18,50398073;;;;;;
C;0;0;0;0;0;0;0;0;0;284,5491503;15,45084972;365;-179;0;179;590;18,53539666;;;;;;
C;0;0;0;0;0;0;0;0;0;286,0504447;13,9495553;365;-179;0;179;591;18,56681258;;;;;;
C;0;0;0;0;0;0;0;0;0;287,5655056;12,43449436;365;-179;0;179;592;18,59822851;;;;;;
C;0;0;0;0;0;0;0;0;0;289,0928379;10,90716207;365;-179;0;179;593;18,62964444;;;;;;
C;0;0;0;0;0;0;0;0;0;290,6309343;9,369065729;365;-179;0;179;594;18,66106036;;;;;;
C;0;0;0;0;0;0;0;0;0;292,1782767;7,821723252;365;-179;0;179;595;18,69247629;;;;;;
C;0;0;0;0;0;0;0;0;0;293,7333383;6,266661678;365;-179;0;179;596;18,72389222;;;;;;
C;0;0;0;0;0;0;0;0;0;295,2945843;4,705415666;365;-179;0;179;597;18,75530814;;;;;;
C;0;0;0;0;0;0;0;0;0;296,860474;3,139525976;365;-179;0;179;598;18,78672407;;;;;;
C;0;0;0;0;0;0;0;0;0;298,429462;1,570537954;365;-179;0;179;599;18,81814;;;;;;
C;0;0;0;0;0;0;0;0;0;300;4,28802E-14;365;-179;0;179;600;18,84955592;;;;;;
